Ambassador,Board director/C suite job titles
Board Director,Board director/C suite job titles
Board Executive Assistant,Board director/C suite job titles
Board Member,Board director/C suite job titles
Board Secretary,Board director/C suite job titles
Chairman,Board director/C suite job titles
Chancellor,Board director/C suite job titles
Chief Commercial Officer / CCO,Board director/C suite job titles
Chief Executive Officer / CEO,Board director/C suite job titles
Chief Financial Officer / CFO,Board director/C suite job titles
Chief Human Resource Officer,Board director/C suite job titles
Chief Information Officer / CIO,Board director/C suite job titles
Chief Investment Officer,Board director/C suite job titles
Chief Marketing Officer / CMO,Board director/C suite job titles
Chief Operating Officer / COO,Board director/C suite job titles
Chief Risk Officer / CRO,Board director/C suite job titles
Chief Technology Officer / CTO,Board director/C suite job titles
Commissioner,Board director/C suite job titles
Company Secretary,Board director/C suite job titles
Dean,Board director/C suite job titles
Deputy Chairman,Board director/C suite job titles
Deputy Chief Executive Officer,Board director/C suite job titles
Director General,Board director/C suite job titles
Editor in Chief,Board director/C suite job titles
Executive Chairman,Board director/C suite job titles
Executive Dean,Board director/C suite job titles
Executive Director,Board director/C suite job titles
Executive Officer,Board director/C suite job titles
Executive Vice Chairman,Board director/C suite job titles
Executive Vice President,Board director/C suite job titles
General Counsel,Board director/C suite job titles
General Manager,Board director/C suite job titles
General Secretary,Board director/C suite job titles
Governor,Board director/C suite job titles
Group Director,Board director/C suite job titles
Managing Board,Board director/C suite job titles
Managing Chair,Board director/C suite job titles
Managing Director,Board director/C suite job titles
Managing Editor,Board director/C suite job titles
Mayor,Board director/C suite job titles
Minister,Board director/C suite job titles
Non Executive Director,Board director/C suite job titles
President,Board director/C suite job titles
Prime Minister,Board director/C suite job titles
Senior Vice President,Board director/C suite job titles
Trustee,Board director/C suite job titles
Vice Chairman,Board director/C suite job titles
Vice Chancellor,Board director/C suite job titles
Vice-Chancellor,Board director/C suite job titles
Head of Risk,Risk managers
Head of Credit Risk,Risk managers
Head of Business Risk Credit & Lending,Risk managers
Head Business Risk Management,Risk managers
Head Of Global Wholesale Credit Risk Analytics,Risk managers
Head of Risk Transformation & Innovation,Risk managers
Global Head of Innovation Finance & Risk,Risk managers
Head of Wholesale Credit and Market Risk,Risk managers
Head of Corporate Credit Risk,Risk managers
Head of Corporate Risk Solutions,Risk managers
Head of Credit Risk Analytics,Risk managers
Head of Credit Risk Control,Risk managers
Head of Credit Risk Management,Risk managers
Head of Credit Risk Control & Oversight,Risk managers
Director Credit Risk,Risk managers
Director - Credit Risk Management,Risk managers
Director of Credit Risk Valuation,Risk managers
Vice President Credit Risk Strategy,Risk managers
Head of Traded Credit and Market Risk,Risk managers
Chief Risk Officer,Risk managers
Head of Operational Risk Models,Risk managers
Global Risk Data Lead,Risk managers
Senior Manager - Operational Risk,Risk managers
Head of Operational Risk,Risk managers
Head of Risk Strategy and Macroeconomic Risk,Risk managers
Head of Global Risk Analytics,Risk managers
Head of Risk Management Solutions,Risk managers
Associate Director Wholesale Portfolio Management Strategy,Risk managers
Head of Wholesale Credit Policy Portfolio Management,Risk managers
Portfolio Manager - Risk Operations,Risk managers
Head of Traded and Treasury Risk Analytics,Risk managers
Head of Country and Sovereign Risk,Risk managers
Head of Sustainability and Reputational Risk,Risk managers
Head of Reputation Risk Management,Risk managers
Head of Risk Systems,Risk managers
Head of Investment Risk,Risk managers
Head of Risk Management Team at,Risk managers
Head of Third Party Risk,Risk managers
Managing Director - Third Party Risk Management,Risk managers
Global Head of Third Party Risk Management,Risk managers
Global Head of Risk Management,Risk managers
Head of Discretionary Portfolio Management,Risk managers
Head of Market Risk and Counterparty Risk,Risk managers
Head of Market and Counterparty Credit Risk Methodology,Risk managers
Head of Market Risk for Emerging Markets,Risk managers
Director - Macro Market Risk,Risk managers
Managing Director Head of Market Risk,Risk managers
Head of Analytics Risk and Control Investments,Risk managers
Director Risk Management,Risk managers
Director Risk Policy and Strategy,Risk managers
Head of Risk & Monitoring,Risk managers
Head of Risk Strategy,Risk managers
Chief Data Office Risk Director,Risk managers
Head of Market Risk and Counterparty Risk,Risk managers
Head of Market Risk Monitoring,Risk managers
Director - RISK Global Markets Monitoring,Risk managers
Head of Liquidity Risk Management Americas,Risk managers
Director Model Risk Management,Risk managers
Head of Environmental Risk,Risk managers
Head of ESG Risk,Risk managers
Head of Political Risk,Risk managers
Account Director,Client facing professionals
Account Executive,Client facing professionals
Account Handler,Client facing professionals
Account Manager,Client facing professionals
Advisor,Client facing professionals
Broker,Client facing professionals
Business Advisor,Client facing professionals
Business Development,Client facing professionals
Business Development Manager,Client facing professionals
Business Generation Partner,Client facing professionals
Business Manager,Client facing professionals
Channel Sales Manager,Client facing professionals
Chief Commercial Officer,Client facing professionals
Chief Trade Officer,Client facing professionals
Client Development,Client facing professionals
Client Director,Client facing professionals
Client Relations,Client facing professionals
Client Relationship Manager,Client facing professionals
Client Retention Manager,Client facing professionals
Commercial Affairs,Client facing professionals
Commercial Director,Client facing professionals
Commercial Manager,Client facing professionals
Commercial Partner,Client facing professionals
Consultant,Client facing professionals
Consulting Analyst,Client facing professionals
Consulting Manager,Client facing professionals
Corporate Development,Client facing professionals
Corporate Relationship Officer,Client facing professionals
CRM,Client facing professionals
CRM Manager,Client facing professionals
Customer Relationship Manager,Client facing professionals
Development Manager,Client facing professionals
Director of Business Development,Client facing professionals
Director of Client Relations,Client facing professionals
Director of Consulting Division,Client facing professionals
Director of Corporate Development,Client facing professionals
Director of Development,Client facing professionals
Head of Sales,Client facing professionals
Institutional Clients,Client facing professionals
Institutional Sales,Client facing professionals
International Trade Manager,Client facing professionals
Investment Development Director,Client facing professionals
Investor Relations,Client facing professionals
Key Account Manager,Client facing professionals
Management Consultant,Client facing professionals
Manager of Client Services,Client facing professionals
Manager of Corporate Development,Client facing professionals
Managing Consultant,Client facing professionals
Market Development,Client facing professionals
New Business,Client facing professionals
Partner,Client facing professionals
Partnership,Client facing professionals
Principal,Client facing professionals
Principal Consultant,Client facing professionals
Relationship Management,Client facing professionals
Relationship Manager,Client facing professionals
Sales,Client facing professionals
Sales & Development Manager,Client facing professionals
Sales & Marketing,Client facing professionals
Sales Director,Client facing professionals
Sales Executive,Client facing professionals
Sales Manager,Client facing professionals